{
  "A_raw40m": {
    "pearson_r": 0.28753231030008053,
    "pearson_p": 0.009705437020453931,
    "spearman_rho": 0.6026875450615977,
    "spearman_p": 3.3159889924221694e-09,
    "n": 80
  },
  "B_diff40m": {
    "pearson_r": 0.2875323103000806,
    "pearson_p": 0.009705437020453872,
    "spearman_rho": 0.6020393811533052,
    "spearman_p": 3.481839042171346e-09,
    "n": 80
  },
  "C_multitp": {
    "pearson_r": -0.15274834409608568,
    "pearson_p": 0.17616008085546558,
    "spearman_rho": -0.25178152836380685,
    "spearman_p": 0.024259920906758384,
    "n": 80
  },
  "groHMM": {
    "pearson_r": 0.5140614580538865,
    "pearson_p": 9.173227996922683e-07,
    "spearman_rho": 0.6013426154196282,
    "spearman_p": 2.9136796652926737e-09,
    "n": 81
  }
}